id,node_amount,req_elapse_sec,act_runtime,pred_runtime
0,7,86340,35922,36216
1,1,3540,129,129
2,12,86400,85559,85555
3,1,86400,12,12
4,1,43200,28888,28972
5,1,10800,4871,4919
6,1,10800,2700,3092
7,1,43200,27321,27322
8,1,10800,6390,6375
9,1,72000,23348,24287
10,1,28800,5223,5214
11,1,10800,1878,1804
12,1,36000,27210,28609
13,1,28800,6479,6494
14,1,14400,289,308
15,1,43200,43205,43205
16,1,86400,18304,17397
17,1,28800,6053,6078
18,1,28800,5266,5279
19,32,7200,3108,3107
20,1,43200,27385,27373
21,32,9000,3764,3764
22,1,28800,5520,5521
23,32,9000,3756,3779
24,32,9000,3728,3729
25,32,7200,2906,2906
26,1,28800,5605,5606
27,1,10800,3409,3423
28,1,600,16,17
29,1,600,169,165
30,32,9000,3726,3725
31,1,1200,2,2
32,32,9000,3727,3727
33,32,7200,484,484
34,1,1800,89,89
35,1,28800,5511,5511
36,1,3540,82,82
37,1,10800,664,653
38,1,1200,3,3
39,1,1800,126,130
40,8,64800,24872,25136
41,1,72000,39551,45004
42,1,10800,569,599
43,6,1800,83,127
44,4,3600,2575,2712
45,15,86400,30982,30633
46,1,43200,43205,43205
47,1,28800,6213,6185
48,32,9000,3740,3740
49,1,1800,94,127
50,1,1200,2,2
51,1,28800,5552,5553
52,1,28800,5486,5486
53,1,7200,4736,4872
54,32,9000,3773,3773
55,32,7200,492,492
56,32,9000,3260,3260
57,1,1800,0,0
58,1,86400,42,31
59,32,9000,3232,3231
60,32,9000,3281,3281
61,1,86400,86406,86406
62,1,10800,0,0
63,1,10800,263,362
64,1,10800,10808,10808
65,1,600,7,876
66,1,28800,5581,5579
67,1,10800,1648,1414
68,1,28800,5638,5638
69,32,7200,2848,2846
70,1,3540,132,132
71,1,1800,0,0
72,1,28800,5487,5487
73,1,28800,5443,5443
74,1,21000,0,0
75,1,1200,13,11
76,1,28800,6877,6871
77,1,10800,10805,10805
78,1,3540,91,92
79,1,28800,7803,7797
80,1,10800,7854,8212
81,1,10800,8568,8571
82,1,43200,28002,28013
83,32,9000,3769,3757
84,1,14400,320,369
85,1,3540,76,76
86,1,43800,10666,13830
87,12,86400,2920,2832
88,1,7200,7205,7205
89,1,3540,8,9
90,1,3600,221,225
91,1,10800,2356,2328
92,8,64800,20958,20988
93,1,28800,6675,6672
94,1,28800,5475,5475
95,1,43800,9477,10058
96,1,28800,5458,5459
97,1,10800,4219,4384
98,1,43200,28375,28370
99,32,7200,2914,2909
100,1,3540,83,83
101,32,9000,3263,3263
102,1,43800,27423,26683
103,1,28800,5973,5957
104,1,28800,5390,5389
105,1,14400,14405,14405
106,1,21000,12,12
107,32,7200,3032,3033
108,1,3540,83,83
109,1,28800,6288,6290
110,32,7200,2921,2925
111,32,9000,1645,1813
112,1,43200,28214,28258
113,1,3540,11,11
114,1,43200,43205,43205
115,1,1200,12,129
116,1,10800,10807,10807
117,2,600,313,347
118,1,7200,5435,5660
119,4,3600,2802,2804
120,8,64800,21851,22026
121,1,10800,146,146
122,32,7200,2955,2957
123,1,1800,0,0
124,1,21600,12638,12258
125,1,10800,3429,3396
126,32,7200,539,538
127,32,7200,479,479
128,1,28800,11502,10690
129,32,9000,3816,3813
130,1,3540,77,76
131,32,3600,500,499
132,1,28800,5563,5611
133,1,28800,5423,5423
134,1,1200,2,2
135,1,10800,379,390
136,1,86400,84689,84513
137,1,28800,5536,5537
138,8,64800,20890,20910
139,32,7200,469,469
140,1,43200,27217,27216
141,1,28800,5441,5443
142,1,3540,104,103
143,1,43200,11,12
144,32,7200,3489,3482
145,1,28800,7657,7668
146,1,1800,140,141
147,1,21600,14437,11762
148,1,28800,5556,5556
149,1,28800,5491,5491
150,1,21600,18463,18641
151,1,28800,6389,6388
152,1,43200,43205,43205
153,1,21600,21605,21605
154,1,7200,7205,7205
155,32,7200,7205,7205
156,32,7200,462,462
157,32,7200,458,458
158,1,1800,0,0
159,32,7200,484,484
160,1,28800,6786,6784
161,1,21000,21007,21006
162,1,1200,2,2
163,1,43200,43205,43205
164,1,3540,128,126
165,1,600,230,249
166,1,3540,77,77
167,1,10800,5779,5769
168,1,28800,5420,5421
169,1,72000,42609,44746
170,1,86400,86405,86405
171,1,86400,25072,24646
172,1,7200,6067,6048
173,1,10800,8989,9048
174,1,1800,483,502
175,32,9000,3278,3279
176,1,10800,5087,5074
177,1,3540,71,71
178,32,9000,3691,3694
179,32,7200,2998,3020
180,1,28800,5526,5526
181,1,86400,86407,86407
182,32,7200,2817,2811
183,32,9000,9005,8967
184,1,43200,43205,43205
185,1,28800,5803,5807
186,1,86400,86405,86405
187,1,1800,31,46
188,1,600,19,14
189,1,28800,6496,6550
190,1,1800,0,0
191,32,7200,3119,3121
192,1,10800,189,218
193,1,10800,123,99
194,1,28800,5766,5770
195,1,1200,2,2
196,1,1800,0,0
197,1,43200,28068,28063
198,2,600,47,51
199,1,28800,6710,6709
200,1,3540,101,101
201,1,28800,5521,5521
202,1,21000,16,15
203,32,9000,3722,3721
204,1,43200,28032,28062
205,1,1800,157,207
206,1,28800,5895,5899
207,1,28800,5572,5571
208,32,7200,2884,2881
209,1,3540,72,72
210,1,28800,5555,5556
211,1,600,2,2
212,32,7200,3122,3121
213,32,9000,3349,3357
214,1,28800,8196,8133
215,1,36000,36005,34449
216,1,10800,6218,6259
217,1,28800,6836,6837
218,1,21000,17975,18983
219,1,7200,4955,5119
220,1,10800,5413,5503
221,1,43200,28422,28432
222,1,21600,21605,21561
223,1,43200,27538,27546
224,1,28800,6314,6315
225,12,86400,85548,85549
226,1,21600,10783,8546
227,1,10800,10805,10805
228,32,7200,3138,3138
229,1,10800,14,14
230,8,64800,21002,21052
231,1,1200,3,3
232,32,7200,486,486
233,32,7200,3093,3094
234,32,7200,2882,2882
235,1,7200,7205,7205
236,1,10800,7688,7593
237,1,1800,1,1
238,32,9000,3770,3770
239,1,3600,3605,3507
240,1,72000,72005,72075
241,2,600,47,50
242,1,3600,216,222
243,1,86400,13836,13442
244,1,1200,3,3
245,1,10800,8775,8720
246,1,1200,3,3
247,32,7200,3132,3136
248,1,300,1,24
249,1,21000,11,10
250,1,28800,8563,8565
251,1,43800,22646,20282
252,1,600,22,23
253,2,600,416,414
254,1,1200,2,2
255,1,3600,9,16
256,32,7200,506,506
257,1,43200,9,9
258,1,3540,127,127
259,129,120,60,62
260,1,28800,5403,5403
261,1,28800,5340,5340
262,1,3540,76,76
263,1,300,0,0
264,1,28800,5459,5460
265,32,7200,461,461
266,1,10800,1861,1852
267,1,1800,97,97
268,1,1800,0,0
269,1,10800,2318,2361
270,1,10800,9708,9677
271,1,10800,2868,3110
272,1,28800,6692,6689
273,1,3600,865,948
274,1,3540,78,77
275,1,28800,5570,5570
276,1,1800,93,93
277,1,86400,15,15
278,1,28800,5684,5686
279,32,7200,506,507
280,32,3600,494,497
281,1,10800,10743,10770
282,1,10800,506,474
283,1,1800,1806,1516
284,1,43200,27331,27333
285,32,9000,3735,3736
286,1,3600,1,2
287,1,10800,1668,1649
288,32,7200,474,474
289,1,10800,3570,3566
290,1,10800,2062,2040
291,1,600,161,165
292,1,28800,5571,5571
293,2,600,474,469
294,1,43200,27882,27873
295,1,3540,76,76
296,1,1200,2,2
297,1,3540,128,128
298,1,43200,43205,43205
299,1,28800,5707,5707
300,1,300,1,1
301,1,28800,5812,5810
302,1,7200,7205,7206
303,1,28800,7059,7055
304,1,7200,7205,7205
305,1,3600,999,992
306,1,28800,5774,5774
307,1,28800,6315,6315
308,1,10800,3981,3954
309,1,28800,5482,5482
310,1,7200,6763,6756
311,32,9000,3723,3722
312,1,43200,761,1465
313,32,9000,3244,3244
314,1,300,10,17
315,1,28800,5497,5496
316,1,1200,2,2
317,1,21000,21007,21006
318,1,18000,18005,18099
319,1,28800,6392,6389
320,1,28800,5508,5507
321,1,21600,10778,10910
322,1,21000,11560,10606
323,1,3540,84,84
324,1,7140,2504,2588
325,1,28800,5434,5434
326,1,1200,1,1
327,1,10800,0,0
328,2,600,609,837
329,32,7200,2713,2752
330,1,86400,74457,76007
331,1,14400,14405,14405
332,2,600,147,152
333,32,7200,2933,2930
334,1,300,14,24
335,1,43200,26590,26552
336,32,7200,2811,2808
337,1,7200,2845,2719
338,4,1800,208,247
339,1,600,61,68
340,1,86400,28914,26473
341,2,600,245,247
342,1,86400,86409,86409
343,1,21600,21605,21605
344,1,10800,7275,7486
345,32,7200,2913,2909
346,1,86400,8011,8017
347,1,21600,4424,4680
348,1,28800,6468,6480
349,1,300,301,758
350,1,300,14,27
351,32,7200,2794,2800
352,1,21600,8920,8854
353,1,86400,15,12
354,1,43800,9239,9535
355,1,21000,9795,8833
356,1,21600,440,430
357,1,10800,325,352
358,1,28800,6367,6370
359,1,18000,6353,9975
360,1,43200,43206,43206
361,7,86340,34290,34427
362,7,86340,32179,32002
363,2,600,428,428
364,1,28800,5365,5364
365,1,28800,5357,5355
366,1,14400,14405,14405
367,1,28800,5347,5349
368,1,28800,5559,5559
369,8,1800,1153,1436
370,1,1200,3,3
371,1,1800,0,0
372,1,21000,9282,9353
373,1,28800,5510,5510
374,32,7200,2965,2965
375,1,10800,1917,1908
376,1,28800,6513,6507
377,1,1200,1205,1282
378,32,7200,2974,2976
379,32,7200,470,470
380,1,600,22,72
381,1,300,0,0
382,1,1800,1,1
383,1,3600,231,232
384,1,28800,7262,7252
385,1,600,25,25
386,1,14400,14405,14405
387,1,1800,0,0
388,1,28800,6270,6268
389,1,28800,6635,6633
390,1,3540,90,90
391,1,28800,5492,5491
392,1,28800,5876,5877
393,1,1200,3,3
394,1,43200,27190,27186
395,1,3540,72,72
396,1,14400,314,344
397,1,86400,86405,86405
398,2,2700,1013,1094
399,1,1800,187,188
400,1,14400,14406,14406
401,1,18000,10183,13876
402,1,28800,5666,5666
403,1,10800,10806,10806
404,1,28800,9891,9954
405,1,10800,10805,10805
406,1,43200,43205,43205
407,1,86400,86405,86405
408,1,7200,7205,7201
409,1,28800,5781,5782
410,1,10800,10805,10805
411,1,28800,5786,5786
412,1,3540,122,122
413,1,28800,9391,9372
414,1,28800,5442,5442
415,1,28800,5591,5590
416,32,7200,2806,2801
417,1,43200,43208,43208
418,1,14400,14405,14405
419,32,7200,2885,2883
420,1,300,14,15
421,1,28800,5519,5519
422,32,7200,3027,3026
423,1,43200,26032,25945
424,1,28800,6502,6498
425,32,7200,495,495
426,1,3600,1061,1056
427,1,3540,76,76
428,1,1800,196,197
429,1,28800,5408,5407
430,32,7200,3030,3029
431,32,9000,9006,8879
432,1,10800,7156,7038
433,32,7200,3117,3118
434,1,28800,5497,5497
435,1,3600,1131,1038
436,32,7200,497,497
437,1,10800,8243,8311
438,1,7200,7205,7205
439,1,3540,122,122
440,1,28800,6415,6417
441,1,1800,95,95
442,1,3540,132,132
443,1,10800,107,96
444,32,7200,464,464
445,1,1200,14,14
446,1,28800,5684,5686
447,1,43200,27888,27897
448,32,7200,482,482
449,1,43200,43205,43205
450,1,28800,5558,5558
451,32,9000,3737,3737
452,32,9000,3726,3725
453,1,3540,93,93
454,32,7200,2902,2900
455,8,64800,21915,22157
456,2,600,483,488
457,1,600,8,9
458,1,28800,5630,5630
459,12,86400,25,24
460,1,1200,3,3
461,1,10800,10805,10805
462,1,1800,0,0
463,1,43800,11985,12491
464,1,1800,99,99
465,1,28800,5429,5429
466,1,21000,7,7
467,1,28800,5270,5272
468,32,7200,3024,3024
469,12,900,291,196
470,1,3540,76,76
471,32,9000,3352,3358
472,1,10800,1529,1617
473,32,7200,3510,3514
474,1,600,65,79
475,1,3540,131,131
476,32,9000,3273,3273
477,1,10800,335,349
478,1,86400,86405,86405
479,1,28800,6557,6556
480,1,1200,2,2
481,1,43200,29314,29424
482,1,21600,21605,21605
483,1,1800,250,224
484,32,7200,2922,2922
485,32,3600,476,477
486,32,7200,3028,3028
487,1,1800,233,213
488,1,21600,7009,7333
489,1,1200,2,2
490,32,7200,532,537
491,1,28800,5720,5672
492,2,600,141,146
493,1,28800,6318,6319
494,1,1200,2,2
495,1,1200,2,2
496,1,43200,27253,27259
497,32,7200,3140,3140
498,1,28800,5787,5788
499,1,10800,7598,7565
500,1,14400,245,189
501,1,1200,2,2
502,1,1200,2,2
503,1,43200,43205,43205
504,1,28800,5605,5606
505,1,1200,2,2
506,1,36000,10531,10584
507,1,28800,6328,6384
508,32,7200,3109,3107
509,1,28800,5759,5756
510,1,600,7,26
511,1,10800,5690,5613
512,1,10800,10806,10419
513,1,28800,6105,6105
514,1,28800,7059,7057
515,1,14400,14405,14405
516,1,1800,93,93
517,1,28800,5617,5618
518,1,28800,5286,5288
519,1,10800,5534,5560
520,1,10800,4302,4243
521,1,10800,3533,3520
522,1,600,169,168
523,1,28800,6461,6448
524,32,7200,3071,3072
525,1,28800,5883,5882
526,1,28800,6344,6347
527,32,7200,2799,2801
528,4,300,305,601
529,1,14400,14405,14405
530,32,7200,2858,2945
531,32,7200,7207,7382
532,1,43200,27847,27852
533,1,43200,43205,43205
534,32,9000,3287,3288
535,32,9000,3761,3761
536,32,7200,485,485
537,1,1200,18,18
538,1,10800,3989,3781
539,32,7200,486,486
540,1,1200,2,2
541,6,86400,34,28
542,1,3540,76,76
543,1,10800,6097,6098
544,32,7200,487,487
545,1,28800,5543,5543
546,1,300,1,1
547,32,7200,3117,3120
548,1,28800,6441,6448
549,1,21600,17371,18585
550,1,1800,0,0
551,1,10800,5881,5934
552,1,21600,437,359
553,1,21000,21005,21005
554,1,600,173,175
555,1,1200,2,2
556,1,28800,5662,5661
557,1,300,0,0
558,1,21000,8156,8557
559,1,3540,137,137
560,1,1200,2,2
561,32,9000,3308,3324
562,1,7200,7205,7201
563,1,21600,8974,7084
564,1,28800,5902,5903
565,32,7200,2915,2913
566,1,3600,933,965
567,1,86400,28003,25574
568,1,3540,134,134
569,1,43200,43205,43205
570,1,10800,5658,5692
571,32,7200,2905,2906
572,1,28800,5369,5369
573,1,43800,17281,17357
574,32,9000,3336,3344
575,1,10800,243,263
576,4,3600,1900,1842
577,1,10800,4944,5013
578,32,7200,3056,3057
579,1,43200,27068,27080
580,1,3540,76,76
581,1,21600,17499,19967
582,1,7200,6772,6765
583,32,7200,486,486
584,1,1200,2,2
585,1,3540,76,76
586,2,2700,1501,1541
587,1,21000,12,13
588,1,1800,197,197
589,1,10800,2435,2438
590,1,43200,28425,28391
591,1,28800,7041,7059
592,1,7200,7206,7206
593,32,7200,3578,3645
594,1,10800,2090,2095
595,1,1200,1205,1205
596,32,9000,3234,3231
597,1,1200,15,15
598,1,28800,6025,6160
599,1,28800,5453,5453
600,32,7200,464,465
601,1,1800,93,93
602,1,10800,3,13
603,1,28800,6526,6530
604,1,43200,30313,30390
605,1,28800,5617,5618
606,1,3540,138,138
607,32,9000,3759,3759
608,1,10800,10805,10805
609,1,43200,27623,27619
610,8,64800,22002,22045
611,32,7200,3490,3468
612,1,43200,43208,43208
613,1,28800,6334,6334
614,1,1800,197,198
615,1,43200,43206,43206
616,32,3600,490,486
617,1,28800,5515,5515
618,1,4200,5,7
619,1,10800,9528,9472
620,1,10800,10800,10800
621,1,43200,43205,43205
622,1,1200,19,19
623,1,10800,337,362
624,4,3600,2845,2786
625,1,10800,6761,6784
626,1,43200,27498,27493
627,1,43200,26726,26735
628,32,7200,503,504
629,1,7200,7205,7205
630,1,10800,4018,4254
631,1,1800,95,95
632,32,7200,3220,3222
633,1,7200,6055,6052
634,1,10800,5411,5418
635,1,10800,8308,8086
636,1,10800,4,5
637,1,1200,2,2
638,1,3540,8,9
639,1,10800,3909,3975
640,32,7200,479,479
641,1,28800,6575,6574
642,32,7200,480,480
643,1,3540,85,85
644,1,10800,1604,1730
645,1,10800,202,189
646,32,9000,3770,3770
647,1,43200,43205,43205
648,108,36000,36005,34622
649,32,7200,486,486
650,12,86400,85559,85555
651,1,28800,5445,5445
652,1,86400,86405,86405
653,1,3600,911,972
654,1,14400,308,341
655,1,43200,43205,43205
656,1,10800,10805,10805
657,32,9000,3273,3273
658,32,7200,3508,3506
659,1,43200,43205,43205
660,32,9000,3729,3729
661,1,28800,7126,7129
662,1,28800,5544,5543
663,1,3540,131,131
664,1,21000,8,8
665,1,10800,10805,10805
666,1,600,24,26
667,1,1800,0,0
668,1,43200,27274,27281
669,1,600,159,163
670,1,10800,111,98
671,1,86400,25033,24743
672,1,1200,1,1
673,1,3540,77,77
674,2,2700,1730,1706
675,32,7200,3512,3520
676,1,43200,27370,27365
677,1,10800,1260,1287
678,1,28800,5464,5463
679,1,86400,85199,85151
680,1,10800,6312,6276
681,1,1800,0,0
682,1,28800,5542,5542
683,1,21000,1,1
684,32,9000,3735,3736
685,24,900,112,236
686,1,10800,4808,4812
687,1,600,118,142
688,1,10800,2399,2349
689,32,9000,3725,3724
690,32,7200,484,484
691,32,9000,3294,3295
692,1,7200,6385,6368
693,12,86400,353,342
694,32,7200,474,474
695,32,7200,483,483
696,1,28800,5516,5516
697,1,28800,5631,5631
698,1,86400,22845,22479
699,32,7200,2997,2996
700,8,64800,20949,20959
701,1,28800,6883,6896
702,1,43200,43207,43207
703,1,1800,0,0
704,1,21600,11097,10777
705,1,3540,115,116
706,1,7200,6421,6392
707,1,86400,86405,86405
708,1,7200,3839,4147
709,1,43200,27133,27137
710,1,28800,6954,6946
711,1,1200,2,2
712,1,21000,21007,21006
713,32,9000,3771,3771
714,1,28800,5453,5453
715,1,1800,94,94
716,1,21000,1,1
717,1,21600,21609,21609
718,32,9000,3260,3260
719,1,28800,5572,5571
720,1,1200,2,2
721,1,28800,5639,5640
722,32,7200,3040,3040
723,32,7200,475,475
724,1,600,1,1
725,1,3540,131,133
726,1,43200,43207,43207
727,1,1200,16,16
728,1,1200,2,2
729,1,3540,76,76
730,1,3540,77,77
731,1,1200,3,3
732,1,14400,267,274
733,1,28800,9489,9483
734,32,9000,3752,3752
735,1,3540,99,99
736,1,7200,5,22
737,1,1800,94,94
738,32,9000,1624,1661
739,1,21600,21609,21610
740,1,14400,304,372
741,1,28800,5704,5685
742,1,3540,135,135
743,1,10800,2450,2450
744,1,10800,7153,7148
745,1,300,12,18
746,1,21600,13113,12632
747,1,86400,17438,17118
748,32,7200,3165,3159
749,32,7200,464,464
750,1,28800,6518,6510
751,1,7200,7207,7207
752,1,3540,102,102
753,32,7200,493,493
754,1,1800,90,90
755,1,28800,5747,5751
756,8,64800,20500,20751
757,1,1200,5,5
758,1,10800,6459,6340
759,1,28800,6775,6771
760,1,300,13,17
761,1,3540,73,72
762,1,43200,27479,27493
763,32,7200,472,472
764,1,1200,2,2
765,1,28800,5642,5641
766,1,28800,5615,5615
767,1,28800,5505,5506
768,1,1800,90,90
769,1,1800,141,140
770,1,10800,2495,3245
771,1,21000,10787,9987
772,1,28800,5415,5416
773,1,28800,5756,5753
774,1,1800,0,0
775,1,1800,144,144
776,1,28800,6870,6866
777,1,1200,3,3
778,1,43200,28242,28251
779,1,43200,43206,43206
780,1,1800,86,86
781,1,28800,6474,6480
782,1,10800,10805,10805
783,1,28800,5964,5967
784,1,3540,11,11
785,1,21000,7,7
786,1,28800,5309,5308
787,1,28800,5478,5478
788,1,3540,136,136
789,1,10800,8207,8329
790,1,10800,4,4
791,1,600,11,18
792,1,1200,2,2
793,1,10800,211,211
794,1,14400,298,346
795,1,21000,8,8
796,1,3540,99,99
797,1,21600,21607,21607
798,1,3540,95,95
799,1,10800,195,192
800,1,28800,6943,6940
801,1,10800,4838,4826
802,1,3540,71,71
803,1,1200,2,2
804,1,43200,28032,28052
805,1,10800,3908,3897
806,32,9000,3260,3260
807,1,600,615,607
808,1,10800,3501,3464
809,1,86400,86405,86405
810,1,28800,5420,5421
811,1,10800,4596,4634
812,1,43200,27836,27827
813,1,14400,14405,14405
814,32,7200,475,475
815,12,86400,85557,85553
816,1,10800,6504,6505
817,1,28800,6265,6263
818,1,7200,7205,7946
819,1,28800,5509,5509
820,1,43200,28293,28292
821,1,28800,24929,23153
822,1,28800,5731,5732
823,1,10800,1,1
824,7,86340,34477,34486
825,1,21000,8,8
826,1,28800,6149,6154
827,1,86400,86405,86405
828,1,28800,6157,6194
829,32,9000,3240,3240
830,1,28800,5514,5515
831,1,1800,0,0
832,1,28800,5745,5746
833,1,28800,5999,5997
834,32,9000,3245,3244
835,1,21600,21608,21544
836,1,43200,43206,43206
837,1,43200,14,21
838,1,43200,27472,27490
839,1,10800,8894,8885
840,1,3540,76,76
841,1,1200,1,1
842,1,3540,76,76
843,4,3600,2788,2902
844,1,600,165,166
845,1,43200,43205,43205
846,1,3540,88,88
847,1,10800,10801,10799
848,1,86400,34402,34731
849,1,28800,6395,6395
850,1,86400,86405,86405
851,0,28800,4627,3905
852,1,28800,5695,5696
853,1,300,0,0
854,32,9000,3251,3251
855,2,600,44,44
856,1,28800,5750,5776
857,1,43200,28173,28173
858,4,3600,2815,2824
859,1,10800,572,573
860,1,10800,4001,4045
861,32,7200,2878,2878
862,8,64800,19997,20387
863,1,28800,5894,5896
864,32,7200,487,487
865,1,28800,5915,5896
866,32,9000,3758,3758
867,1,600,0,0
868,1,1200,2,2
869,1,14400,1595,1352
870,1,28800,5588,5588
871,1,3540,76,76
872,2,600,425,426
873,1,10800,6052,6057
874,1,3540,87,87
875,1,1800,0,0
876,32,7200,495,495
877,1,43200,7,10
878,1,10800,6888,6874
879,32,3600,478,477
880,1,43200,43205,43205
881,1,28800,5402,5401
882,32,7200,3071,3073
883,1,7200,11,10
884,8,64800,20208,20403
885,1,21000,21005,18596
886,32,3600,500,500
887,32,9000,3719,3711
888,8,64800,22468,22436
889,1,28800,6678,6678
890,1,28800,6455,6414
891,1,1800,0,11
892,1,10800,744,733
893,1,7200,6156,6194
894,32,3600,456,457
895,1,28800,5720,5720
896,1,28800,7299,7285
897,1,28800,5377,5377
898,1,43200,43205,43205
899,1,1200,2,2
900,1,21600,6179,6272
901,1,86400,27011,25109
902,1,10800,5659,5723
903,1,28800,5519,5519
904,1,43200,26895,26887
905,1,43200,27864,27857
906,1,28800,5620,5619
907,1,7200,7205,8376
908,32,7200,3174,3174
909,1,10800,3049,3438
910,1,21000,7,8
911,1,1200,2,2
912,1,21000,15,16
913,32,7200,3502,3501
914,1,43200,43205,43205
915,32,7200,3024,3024
916,1,28800,5720,5719
917,1,1800,190,190
918,1,21600,8522,8612
919,8,64800,22245,22256
920,1,10800,10806,10806
921,1,1200,5,5
922,1,43200,26811,26808
923,1,21000,15,15
924,1,180,1,6
925,1,600,21,21
926,32,7200,2710,2729
927,1,1800,1,1
928,1,28800,7508,7447
929,1,28800,7276,7105
930,1,21600,21605,21605
931,32,7200,476,476
932,1,21600,21606,21217
933,1,28800,5831,5838
934,1,3600,1416,1176
935,1,28800,7102,7099
936,1,28800,7343,7368
937,1,28800,5580,5579
938,1,28800,5539,5539
939,2,600,248,251
940,32,7200,483,483
941,12,86400,1432,1530
942,1,28800,5559,5559
943,1,28800,5599,5598
944,1,1200,16,15
945,32,7200,515,515
946,1,300,0,0
947,1,600,41,39
948,1,1800,0,0
949,1,10800,6956,6916
950,1,28800,5609,5609
951,32,7200,3090,3088
952,1,28800,5635,5635
953,32,7200,3259,3256
954,32,7200,477,477
955,1,7200,5009,5010
956,1,600,29,19
957,32,7200,521,520
958,1,28800,5964,5995
959,1,28800,5417,5417
960,1,10800,10807,10807
961,1,28800,5481,5481
962,1,300,15,15
963,1,28800,5491,5494
964,1,28800,6443,6450
965,1,86400,66614,67430
966,1,28800,7885,7883
967,32,7200,2998,2996
968,1,10800,1617,1610
969,1,28800,5341,5339
970,1,86400,14746,14375
971,1,1200,9,25
972,1,21000,21005,19060
973,1,14400,2040,1806
974,1,10800,8896,8926
975,1,600,14,46
976,1,3540,102,101
977,1,28800,6177,6175
978,1,28800,5818,5820
979,1,10800,478,576
980,1,21600,21606,21562
981,1,28800,9934,9878
982,1,10800,1816,1816
983,1,10800,554,598
984,32,7200,3024,3024
985,1,43200,27810,27807
986,1,14400,14405,14405
987,1,1800,218,212
988,1,10800,3079,3102
989,1,1200,1,1
990,7,86340,37108,37037
991,32,9000,3294,3295
992,1,10800,10805,10805
993,1,28800,5982,5975
994,1,28800,7810,7806
995,32,9000,3759,3759
996,1,43200,28384,28381
997,1,86400,20718,21180
998,1,1800,96,96
999,1,3540,133,133
1000,1,10800,4443,4438
1001,1,28800,6844,6847
1002,1,28800,5486,5486
1003,1,1200,2,2
1004,1,1800,97,97
1005,2,3600,1403,1240
1006,1,3540,23,21
1007,32,7200,507,507
1008,1,3540,87,87
1009,1,10800,106,96
1010,32,9000,3783,3783
1011,1,10800,10805,10787
1012,72,21600,1458,1106
1013,1,10800,144,140
1014,1,1800,93,118
1015,1,3540,76,76
1016,1,28800,6827,6820
1017,1,1200,2,2
1018,8,64800,24637,24975
1019,2,600,472,470
1020,1,10800,3307,3312
1021,32,3600,481,482
1022,1,21600,460,460
1023,32,9000,3233,3236
1024,32,9000,9005,8898
1025,1,10800,10805,10805
1026,1,28800,5577,5577
1027,1,7200,7205,7205
1028,1,1800,212,213
1029,32,7200,3240,3270
1030,32,7200,3012,3012
1031,1,3540,82,82
1032,1,300,1,1
1033,1,28800,10113,10170
1034,12,86400,85576,85567
1035,32,7200,490,490
1036,1,10800,10805,10805
1037,1,28800,5425,5425
1038,1,28800,8867,8868
1039,1,86400,86410,86410
1040,1,1200,2,2
1041,2,600,538,589
1042,1,43800,0,0
1043,1,43200,43205,43205
1044,1,28800,6442,6450
1045,32,7200,3209,3214
1046,1,600,605,1052
1047,32,7200,504,504
1048,2,600,506,511
1049,12,86400,7733,7597
1050,1,3540,130,130
1051,1,10800,1673,1668
1052,1,28800,5570,5571
1053,1,1200,2,2
1054,1,1800,88,88
1055,32,7200,2984,2982
1056,1,1200,8,10
1057,12,86400,2792,2781
1058,32,9000,3243,3243
1059,1,28800,5980,6010
1060,1,1200,3,3
1061,1,10800,5205,5139
1062,32,7200,3127,3123
1063,1,21600,6676,6820
1064,1,1800,145,147
1065,32,9000,3762,3761
1066,1,600,21,23
1067,1,1800,222,356
1068,1,28800,6874,6855
1069,1,3540,77,77
1070,1,28800,5610,5610
1071,32,7200,3032,3033
1072,1,28800,5671,5668
1073,1,3540,76,76
1074,1,28800,5914,5908
1075,1,3600,1104,1109
1076,1,1200,2,2
1077,108,36000,20576,18774
1078,1,28800,5813,5810
1079,1,28800,6880,6968
1080,1,10800,8260,8196
1081,1,10800,1302,1127
1082,1,28800,6571,6569
1083,1,10800,9007,9058
1084,1,600,7,28
1085,32,7200,2782,2791
1086,1,28800,6442,6463
1087,32,7200,472,472
1088,1,7200,7205,7205
1089,1,28800,5331,5329
1090,1,28800,5952,5945
1091,1,10800,51,51
1092,1,3540,77,77
1093,1,28800,5770,5770
1094,1,1800,93,93
1095,1,7200,6976,6934
1096,1,600,27,30
1097,1,14400,220,217
1098,32,7200,553,555
1099,32,3600,467,478
1100,1,28800,5469,5484
1101,1,21600,10354,10686
1102,32,9000,3258,3259
1103,1,7200,4555,5408
1104,1,28800,5448,5449
1105,1,86400,65035,64612
1106,1,1800,97,97
1107,108,36000,10559,8385
1108,1,28800,5563,5563
1109,1,3540,102,101
1110,1,10800,191,228
1111,1,10800,3452,3482
1112,32,7200,2988,2988
1113,1,1200,1,1
1114,1,1200,622,744
1115,1,600,2,1
1116,1,7200,3188,3555
1117,1,28800,5637,5637
1118,1,21000,1,1
1119,1,10800,4199,4133
1120,1,28800,5730,5727
1121,32,7200,2882,2885
1122,1,28800,5443,5443
1123,1,28800,5451,5450
1124,1,36000,9330,11960
1125,1,43200,27083,27094
1126,1,28800,6206,6193
1127,1,10800,2,5
1128,1,28800,5555,5555
1129,1,10800,5469,5480
1130,1,28800,5564,5564
1131,1,3600,757,816
1132,1,1800,0,0
1133,1,43200,27361,27358
1134,1,86400,23274,22659
1135,1,28800,5841,5838
1136,32,7200,501,501
1137,1,3540,96,96
1138,1,43200,43205,43205
1139,1,3540,76,76
1140,1,7200,7205,7205
1141,1,28800,5669,5669
1142,1,180,2,13
1143,1,7200,2,21
1144,32,3600,507,507
1145,1,28800,6133,6125
1146,1,28800,5633,5633
1147,1,14400,14406,14406
1148,1,10800,5894,5882
1149,1,10800,3047,3243
1150,32,7200,469,469
1151,1,21600,21605,21605
1152,1,28800,5611,5613
1153,1,28800,6618,6552
1154,1,1800,95,131
1155,1,86400,86405,86405
1156,32,9000,3730,3723
1157,1,3540,71,71
1158,1,43800,30433,30608
1159,1,600,40,279
1160,1,10800,223,231
1161,1,3540,82,82
1162,1,1200,2,2
1163,1,10800,7076,7198
1164,1,28800,5454,5456
1165,1,28800,5482,5482
1166,15,86400,62463,62149
1167,1,1200,17,16
1168,1,3540,77,77
1169,1,86400,16937,17073
1170,1,1800,87,87
1171,1,10800,10805,10805
1172,1,1800,91,96
1173,1,10800,8027,8018
1174,1,86340,77233,75716
1175,32,7200,3044,3044
1176,1,14400,12709,12670
1177,1,28800,5447,5447
1178,1,10800,4991,5083
1179,1,10800,1936,1995
1180,1,1200,2,2
1181,1,7200,3770,3954
1182,1,10800,10808,10808
1183,1,86400,18117,16967
1184,1,10800,10805,10805
1185,1,28800,5657,5657
1186,1,28800,6574,6570
1187,1,28800,5687,5687
1188,32,3600,488,485
1189,1,300,135,128
1190,1,21000,7760,8027
1191,1,1200,2,2
1192,1,1800,199,189
1193,1,10800,1816,1814
1194,1,1200,2,2
1195,1,1800,89,89
1196,1,3540,135,135
1197,1,10800,10805,10766
1198,1,1800,95,95
1199,1,28800,6448,6451
1200,4,3600,2805,2870
1201,1,1800,247,237
1202,108,36000,20272,19838
1203,1,21000,14654,11068
1204,1,43200,43205,43205
1205,1,28800,7230,7243
1206,32,9000,3270,3357
1207,1,10800,2152,2166
1208,32,7200,553,555
1209,1,28800,6426,6450
1210,32,9000,3751,3750
1211,1,21000,8173,8579
1212,1,86400,86405,86405
1213,1,14400,639,575
1214,1,28800,9926,9879
1215,1,43200,43205,43205
1216,1,10800,5443,5542
1217,1,1800,168,168
1218,1,28800,5426,5428
1219,32,9000,3737,3640
1220,32,7200,2974,2976
1221,1,86400,86408,86408
1222,1,86400,86408,86408
1223,1,10800,599,615
1224,1,3540,71,71
1225,1,1800,99,99
1226,1,43200,26738,26736
1227,1,10800,257,253
1228,32,7200,3078,3077
1229,1,28800,5898,5900
1230,1,10800,10806,10799
1231,1,43200,28027,28028
1232,1,3540,90,90
1233,32,7200,497,497
1234,1,10800,8995,9060
1235,1,28800,7074,7074
1236,1,45000,32379,36368
1237,32,9000,3756,3756
1238,1,43200,27210,27209
1239,1,28800,5522,5522
1240,1,1200,1,1
1241,1,21000,8357,8914
1242,1,21600,21605,21605
1243,2,600,536,589
1244,1,21600,448,447
1245,1,43200,43205,43205
1246,1,43200,43209,43209
1247,32,3600,500,498
1248,1,1800,0,0
1249,1,21600,1156,1160
1250,32,7200,3153,3149
1251,1,21000,8427,8142
1252,1,10800,2036,2023
1253,1,28800,5416,5414
1254,8,64800,21556,21558
1255,1,3540,77,77
1256,1,21600,4904,5520
1257,1,10800,4041,4322
1258,32,7200,2880,2883
1259,1,7200,3711,4078
1260,2,2700,1504,1578
1261,1,10800,4,5
1262,1,86400,86405,86405
1263,1,3540,110,109
1264,1,28800,15622,13498
1265,1,3540,77,77
1266,1,28800,8306,8302
1267,1,10800,2826,2769
1268,1,10800,1558,1545
1269,1,28800,6333,6333
1270,1,3540,137,137
1271,1,10800,4036,4037
1272,1,28800,5502,5488
1273,2,600,279,254
1274,1,1800,185,189
1275,1,300,1,1
1276,1,10800,7938,8177
1277,32,7200,490,490
1278,1,300,0,0
1279,1,3540,87,87
1280,1,21600,7425,8131
1281,32,7200,484,484
1282,1,7200,3733,3690
1283,1,43200,27963,27964
1284,32,7200,2940,2972
1285,1,28800,5419,5420
1286,1,1800,0,0
1287,1,3540,91,91
1288,4,3600,555,572
1289,1,3600,1114,1797
1290,2,2700,834,904
1291,1,43200,43205,43205
1292,1,1800,0,0
1293,1,3540,110,110
1294,1,28800,6602,6605
1295,1,28800,7761,7784
1296,1,86400,21313,21621
1297,32,7200,488,488
1298,1,28800,6797,6803
1299,1,10800,3328,3385
1300,1,86400,9164,8875
1301,1,10800,2622,2643
1302,1,21600,13293,12543
1303,1,28800,5467,5467
1304,1,10800,10805,10805
1305,7,86340,34882,34898
1306,32,9000,3272,3272
1307,1,43200,27734,27735
1308,1,28800,5528,5528
1309,1,86340,76079,75638
1310,32,9000,3357,3361
1311,1,3540,132,132
1312,1,3600,1,2
1313,1,1800,0,0
1314,1,28800,5702,5701
1315,32,7200,478,478
1316,1,10800,517,472
1317,1,21000,21005,21005
1318,7,86340,39200,37047
1319,1,21000,9166,9111
1320,1,28800,6192,6193
1321,1,3540,84,84
1322,1,3540,134,134
1323,2,600,261,250
1324,1,28800,6513,6554
1325,1,28800,7187,7194
1326,1,43200,30646,30905
1327,4,1800,1805,1321
1328,1,10800,5621,5643
1329,1,10800,6017,5999
1330,1,10800,2669,3444
1331,1,86400,86405,86405
1332,1,28800,5581,5579
1333,1,1800,139,139
1334,1,3600,10,11
1335,1,86400,84920,84821
1336,1,10800,8449,8213
1337,1,28800,6354,6388
1338,1,86400,17,13
1339,1,14400,1057,943
1340,1,43200,43206,43206
1341,1,86400,86405,86405
1342,1,10800,8654,8689
1343,1,28800,5687,5688
1344,1,28800,5669,5667
1345,1,28800,5595,5594
1346,1,3540,77,77
1347,1,28800,5522,5521
1348,1,28800,5448,5448
1349,1,86400,11760,11663
1350,1,10800,5732,5659
1351,1,28800,5471,5472
1352,1,3600,267,244
1353,1,10800,673,692
1354,1,600,34,34
1355,1,21600,21605,21605
1356,12,1800,1090,1111
1357,1,28800,6179,6166
1358,32,7200,2971,2971
1359,1,21000,15,26
1360,1,10800,424,411
1361,1,600,4,6
1362,1,21600,21606,21606
1363,1,10800,5014,5130
1364,1,3540,72,72
1365,1,72000,21014,23434
1366,32,7200,485,485
1367,32,7200,502,502
1368,1,43200,35249,37940
1369,1,86400,11937,11535
1370,32,3600,502,498
1371,1,21000,21005,21005
1372,1,28800,6694,6728
1373,1,43200,43207,43207
1374,1,3540,147,146
1375,1,10800,1287,1303
1376,32,7200,3037,3037
1377,1,86400,20071,20255
1378,1,28800,5816,5827
1379,1,28800,5737,5738
1380,1,28800,5616,5615
1381,1,21000,4,2
1382,7,86340,33713,33450
1383,1,1200,1,1
1384,1,10800,545,527
1385,1,86400,7550,7341
1386,1,28800,6559,6557
1387,1,10800,4727,4739
1388,1,10800,1201,1153
1389,1,10800,2478,2471
1390,1,21000,8,8
1391,1,3540,85,85
1392,1,1200,1,1
1393,1,10800,5892,5904
1394,1,10800,1968,1962
1395,1,7140,2426,2543
1396,1,600,7,7
1397,1,28800,7241,7250
1398,1,86400,86408,86408
1399,1,28800,5718,5729
1400,1,7200,2021,2280
1401,1,28800,5482,5482
1402,1,28800,5793,5793
1403,32,7200,503,502
1404,1,10800,1630,1614
1405,1,21600,496,470
1406,1,28800,5535,5536
1407,1,43200,27872,27855
1408,1,28800,6441,6449
1409,2,2700,598,650
1410,1,28800,5750,5777
1411,1,7200,7205,7205
1412,1,600,608,672
1413,1,10800,2600,2679
1414,1,3540,90,90
1415,1,10800,261,275
1416,1,14400,275,330
1417,1,1200,20,19
1418,1,86400,2351,2363
1419,1,7200,4072,4272
1420,4,3600,1453,1382
1421,1,86400,62398,63131
1422,1,10800,4976,4870
1423,1,43200,43206,43206
1424,1,10800,2642,2665
1425,1,28800,6737,6736
1426,1,28800,5527,5527
1427,2,600,412,412
1428,1,28800,6390,6389
1429,1,10800,945,1016
1430,32,7200,3072,3073
1431,1,10800,5644,5701
1432,1,10800,2194,2213
1433,1,21000,15,15
1434,32,9000,3282,3281
1435,12,86400,24845,25124
1436,1,1800,0,0
1437,1,10800,99,98
1438,1,21600,3700,3836
1439,32,7200,4765,4855
1440,12,86400,85560,85559
1441,1,1200,1,1
1442,1,300,1,1
1443,1,3540,129,129
1444,32,7200,463,463
1445,1,14400,8421,8128
1446,1,28800,5460,5460
1447,32,9000,3767,3767
1448,1,43200,27097,27097
1449,1,28800,20552,16011
1450,1,10800,9687,9672
1451,32,7200,484,484
1452,1,86400,83905,84123
1453,32,7200,467,467
1454,1,10800,1995,1951
1455,1,1800,84,144
1456,1,28800,5625,5626
1457,1,7200,4514,4715
1458,5,43800,27713,27299
1459,6,86400,33599,33355
1460,1,1800,162,161
1461,1,28800,5384,5384
1462,1,3540,77,77
1463,1,1200,19,19
1464,1,28800,5549,5549
1465,1,10800,3887,3965
1466,32,7200,3005,3004
1467,1,600,65,70
1468,1,1800,0,0
1469,1,28800,5708,5708
1470,1,600,40,897
1471,1,3540,89,89
1472,32,7200,490,490
1473,1,3540,134,134
1474,1,43200,43205,43205
1475,1,28800,5400,5399
1476,1,28800,5471,5472
1477,1,1200,2,2
1478,12,86400,23361,23257
1479,1,21600,1125,932
1480,1,1800,97,97
1481,32,9000,3247,3247
1482,32,3600,526,526
1483,32,9000,3235,3236
1484,32,7200,3029,3029
1485,1,86400,85578,85436
1486,1,28800,5526,5526
1487,32,7200,466,466
1488,1,43200,26605,26600
1489,1,10800,3770,3824
1490,1,10800,493,603
1491,1,28800,5761,5759
1492,2,600,433,418
1493,1,1800,197,198
1494,1,28800,5418,5417
1495,1,10800,10806,10328
1496,1,1800,131,132
1497,32,7200,487,487
1498,1,28800,5848,5849
1499,1,3540,95,95
1500,1,1200,2,2
1501,32,7200,497,497
1502,1,28800,7164,7168
1503,1,21600,21610,21610
1504,32,7200,2924,2925
1505,1,1800,98,98
1506,1,14400,2009,1592
1507,1,28800,5872,5868
1508,1,1200,2,2
1509,1,3540,117,116
1510,1,1800,0,0
1511,1,43200,25,30
1512,1,1200,17,16
1513,1,86400,7767,7457
1514,1,21000,21005,21005
1515,1,600,2,1
1516,1,3600,2,3
1517,1,1800,185,186
1518,1,600,605,605
1519,1,28800,6680,6675
1520,1,10800,568,573
1521,32,7200,484,484
1522,32,7200,3063,3077
1523,32,7200,3497,3505
1524,32,3600,533,533
1525,1,3600,242,224
1526,5,43800,20300,18887
1527,2,600,483,485
1528,1,43200,8,11
1529,32,7200,2906,2906
1530,1,1800,144,145
1531,1,10800,5,5
1532,32,7200,470,470
1533,12,86400,25,24
1534,1,3540,86,86
1535,1,21600,8229,8172
1536,1,1800,179,180
1537,1,1800,91,91
1538,32,3600,457,458
1539,1,28800,5411,5411
1540,1,86400,86405,86405
1541,1,1800,88,88
1542,1,10800,9510,9452
1543,1,21600,21605,21605
1544,1,3540,135,135
1545,1,10800,10332,10321
1546,1,28800,5480,5489
1547,1,1800,177,178
1548,1,21000,13991,11551
1549,1,28800,5665,5665
1550,1,1200,1,1
1551,1,1800,201,210
1552,1,3540,125,126
1553,32,9000,3742,3741
1554,1,1800,0,0
1555,1,28800,5294,5299
1556,1,3600,1165,1266
1557,1,1200,2,2
1558,1,10800,1856,2035
1559,1,21000,8,8
1560,1,10800,4,14
1561,1,3540,77,77
1562,1,1800,0,0
1563,1,10800,2296,2290
1564,1,28800,5320,5319
1565,4,3600,2779,2776
1566,1,43200,43205,43205
1567,108,36000,1899,1632
1568,32,7200,486,486
1569,1,86400,993,868
1570,8,64800,20397,20554
1571,1,10800,1712,1783
1572,1,10800,7,20
1573,1,1800,219,221
